#SampleID,BarcodeSequence,LinkerPrimerSequence,Location,Metal,Time,Merge,Description
BlankA054,CCGTAGTTTAGGTGTTGCGTTTCT,YATGCTGCCTCCCGTAGGAGT,Blank,Blank,0,Blank,
BlankB055,CACCCTTAAAGTCCTAAACTACGG,YATGCTGCCTCCCGTAGGAGT,Blank,Blank,0,Blank,
BlankC056,AGGATGTTGCTCATGTCCGACCAA,YATGCTGCCTCCCGTAGGAGT,Blank,Blank,0,Blank,
GLRCAB003,GTTGGATCTGCATGCAGATCCAAC,YATGCTGCCTCCCGTAGGAGT,GLRC,Swab,0,GLRCAB003,
GLRCAB004,GTTGGATCTGCACCATCACATAGG,YATGCTGCCTCCCGTAGGAGT,GLRC,Swab,0,GLRCAB004,
GLRCAB006,AGGATGTTGCTCACTTTAAGGGTG,YATGCTGCCTCCCGTAGGAGT,GLRC,Swab,0,GLRCAB006,
GLRCAB007,CTCCCATACCACTGTTGCGTTTCT,YATGCTGCCTCCCGTAGGAGT,GLRC,Swab,0,GLRCAB007,
GLRCAB014,AGGATGTTGCTCCCTAAACTACGG,YATGCTGCCTCCCGTAGGAGT,GLRC,Swab,0,GLRCAB014,
GLRCAB016,CTCCCATACCACTGCAGATCCAAC,YATGCTGCCTCCCGTAGGAGT,GLRC,Swab,0,GLRCAB016,
GLRCAB018,GTTGGATCTGCAGAGCAACATCCT,YATGCTGCCTCCCGTAGGAGT,GLRC,Swab,0,GLRCAB018,
GLRCAB019,AGAAACGCAACACCTAAACTACGG,YATGCTGCCTCCCGTAGGAGT,GLRC,Swab,0,GLRCAB019,
GLRCAB021,CACCCTTAAAGTGTGGTATGGGAG,YATGCTGCCTCCCGTAGGAGT,GLRC,Swab,0,GLRCAB021,
GLRCAB023,CCTATGTGATGGTGCAGATCCAAC,YATGCTGCCTCCCGTAGGAGT,GLRC,Swab,0,GLRCAB023,
GLRCAB025,GTTGGATCTGCACCTAAACTACGG,YATGCTGCCTCCCGTAGGAGT,GLRC,Swab,0,GLRCAB025,
GLRCAB026,CCTATGTGATGGGTGGTATGGGAG,YATGCTGCCTCCCGTAGGAGT,GLRC,Swab,0,GLRCAB026,
GLRCAB028,CCGTAGTTTAGGCCTAAACTACGG,YATGCTGCCTCCCGTAGGAGT,GLRC,Swab,0,GLRCAB028,
GLRCAB030,CCGTAGTTTAGGGAGCAACATCCT,YATGCTGCCTCCCGTAGGAGT,GLRC,Swab,0,GLRCAB030,
GLRCAB031,AGAAACGCAACATGTTGCGTTTCT,YATGCTGCCTCCCGTAGGAGT,GLRC,Swab,0,GLRCAB031,
GLRCAB033,CACCCTTAAAGTGAGCAACATCCT,YATGCTGCCTCCCGTAGGAGT,GLRC,Swab,0,GLRCAB033,
GLRCAB034,CTCCCATACCACACTTTAAGGGTG,YATGCTGCCTCCCGTAGGAGT,GLRC,Swab,0,GLRCAB034,
GLRCAB035,CCTATGTGATGGACTTTAAGGGTG,YATGCTGCCTCCCGTAGGAGT,GLRC,Swab,0,GLRCAB035,
GLRCBW001,CCTATGTGATGGCCATCACATAGG,YATGCTGCCTCCCGTAGGAGT,GLRC,Swab,0,GLRCBW001,
GLRCBW002,GTTGGATCTGCAGTGGTATGGGAG,YATGCTGCCTCCCGTAGGAGT,GLRC,Swab,0,GLRCBW002,
GLRCBW005,AGAAACGCAACAGAGCAACATCCT,YATGCTGCCTCCCGTAGGAGT,GLRC,Swab,0,GLRCBW005,
GLRCBW008,CACCCTTAAAGTCCATCACATAGG,YATGCTGCCTCCCGTAGGAGT,GLRC,Swab,0,GLRCBW008,
GLRCBW009,GTTGGATCTGCAACTTTAAGGGTG,YATGCTGCCTCCCGTAGGAGT,GLRC,Swab,0,GLRCBW009,
GLRCBW010,AGAAACGCAACAACTTTAAGGGTG,YATGCTGCCTCCCGTAGGAGT,GLRC,Swab,0,GLRCBW010,
GLRCBW012,CACCCTTAAAGTTGCAGATCCAAC,YATGCTGCCTCCCGTAGGAGT,GLRC,Swab,0,GLRCBW012,
GLRCBW013,CACCCTTAAAGTACTTTAAGGGTG,YATGCTGCCTCCCGTAGGAGT,GLRC,Swab,0,GLRCBW013,
GLRCBW017,CCTATGTGATGGGAGCAACATCCT,YATGCTGCCTCCCGTAGGAGT,GLRC,Swab,0,GLRCBW017,
GLRCBW020,CACCCTTAAAGTTGTTGCGTTTCT,YATGCTGCCTCCCGTAGGAGT,GLRC,Swab,0,GLRCBW020,
GLRCBW022,CCTATGTGATGGATGTCCGACCAA,YATGCTGCCTCCCGTAGGAGT,GLRC,Swab,0,GLRCBW022,
GLRCBW024,CCGTAGTTTAGGATGTCCGACCAA,YATGCTGCCTCCCGTAGGAGT,GLRC,Swab,0,GLRCBW024,
GLRCBW032,AGGATGTTGCTCCCATCACATAGG,YATGCTGCCTCCCGTAGGAGT,GLRC,Swab,0,GLRCBW032,
GLRCBW036,AGAAACGCAACAATGTCCGACCAA,YATGCTGCCTCCCGTAGGAGT,GLRC,Swab,0,GLRCBW036,
GLRCBW037,AGGATGTTGCTCTGCAGATCCAAC,YATGCTGCCTCCCGTAGGAGT,GLRC,Swab,0,GLRCBW037,
GLRCBW038,CTCCCATACCACGTGGTATGGGAG,YATGCTGCCTCCCGTAGGAGT,GLRC,Swab,0,GLRCBW038,
GLRCBWA011,AGGATGTTGCTCGTGGTATGGGAG,YATGCTGCCTCCCGTAGGAGT,GLRC,Swab,0,GLRCBWA011,
GLRCBWA027,CCTATGTGATGGCCTAAACTACGG,YATGCTGCCTCCCGTAGGAGT,GLRC,Swab,0,GLRCBWA027,
GLRCBWA029,CCGTAGTTTAGGACTTTAAGGGTG,YATGCTGCCTCCCGTAGGAGT,GLRC,Swab,0,GLRCBWA029,
GLRCMIDBW015,CACCCTTAAAGTATGTCCGACCAA,YATGCTGCCTCCCGTAGGAGT,GLRC,Swab,0,GLRCMIDBW015,
NWAB042,CTCCCATACCACCCTAAACTACGG,YATGCTGCCTCCCGTAGGAGT,NorthWall,Swab,0,NWAB042,
NWAB043,CCTATGTGATGGTGTTGCGTTTCT,YATGCTGCCTCCCGTAGGAGT,NorthWall,Swab,0,NWAB043,
NWAB048,GTTGGATCTGCAATGTCCGACCAA,YATGCTGCCTCCCGTAGGAGT,NorthWall,Swab,0,NWAB048,
NWAB050,CCGTAGTTTAGGTGCAGATCCAAC,YATGCTGCCTCCCGTAGGAGT,NorthWall,Swab,0,NWAB050,
NWAB052,GTTGGATCTGCATGTTGCGTTTCT,YATGCTGCCTCCCGTAGGAGT,NorthWall,Swab,0,NWAB052,
NWBW040,AGAAACGCAACACCATCACATAGG,YATGCTGCCTCCCGTAGGAGT,NorthWall,Swab,0,NWBW040,
NWBW044,CTCCCATACCACCCATCACATAGG,YATGCTGCCTCCCGTAGGAGT,NorthWall,Swab,0,NWBW044,
NWBW047,CTCCCATACCACATGTCCGACCAA,YATGCTGCCTCCCGTAGGAGT,NorthWall,Swab,0,NWBW047,
NWBW049,CCGTAGTTTAGGGTGGTATGGGAG,YATGCTGCCTCCCGTAGGAGT,NorthWall,Swab,0,NWBW049,
NWBW053,AGAAACGCAACAGTGGTATGGGAG,YATGCTGCCTCCCGTAGGAGT,NorthWall,Swab,0,NWBW053,
SWAB039,CTCCCATACCACGAGCAACATCCT,YATGCTGCCTCCCGTAGGAGT,SouthWall,Swab,0,SWAB039,
SWAB041,AGGATGTTGCTCTGTTGCGTTTCT,YATGCTGCCTCCCGTAGGAGT,SouthWall,Swab,0,SWAB041,
SWAB045,AGAAACGCAACATGCAGATCCAAC,YATGCTGCCTCCCGTAGGAGT,SouthWall,Swab,0,SWAB045,
SWAB046,AGGATGTTGCTCGAGCAACATCCT,YATGCTGCCTCCCGTAGGAGT,SouthWall,Swab,0,SWAB046,
SWAB051,CCGTAGTTTAGGCCATCACATAGG,YATGCTGCCTCCCGTAGGAGT,SouthWall,Swab,0,SWAB051,
W1Blank095,TCCGAGGCGGTAGTTACGTGGTTG,YATGCTGCCTCCCGTAGGAGT,Blank,Blank,0,Blank,
W1L1118,CAACCACGTAACTACCGGCTTGCA,YATGCTGCCTCCCGTAGGAGT,GLRC,StainlessSteel,1,W1L1,
W1L1124,GCTTGCGAGACAATCTAGTGGCAA,YATGCTGCCTCCCGTAGGAGT,GLRC,StainlessSteel,1,W1L1,
W1L1145,TTGGTCGGACATATAGTTAGGGCT,YATGCTGCCTCCCGTAGGAGT,GLRC,StainlessSteel,1,W1L1,
W1L3065,TTGGTCGGACATACAGCCACCCAT,YATGCTGCCTCCCGTAGGAGT,GLRC,HDPESheet,1,W1L3,
W1L3075,ATGGGTGGCTGTTGTCTCGCAAGC,YATGCTGCCTCCCGTAGGAGT,GLRC,HDPESheet,1,W1L3,
W1L3114,AATTGCGTACCTTACCGGCTTGCA,YATGCTGCCTCCCGTAGGAGT,GLRC,HDPESheet,1,W1L3,
W1L4088,AGGCATCTTACGGAGGAGTAAAGC,YATGCTGCCTCCCGTAGGAGT,GLRC,Aluminum,1,W1L4,
W1L4104,AGGCATCTTACGTACCGCCTCGGA,YATGCTGCCTCCCGTAGGAGT,GLRC,Aluminum,1,W1L4,
W1L4149,GCTTTACTCCTCATAGTTAGGGCT,YATGCTGCCTCCCGTAGGAGT,GLRC,Aluminum,1,W1L4,
W1L5068,GCTTGCGAGACAACAGCCACCCAT,YATGCTGCCTCCCGTAGGAGT,GLRC,CoatedCarbon,1,W1L5,
W1L5093,GCTTTACTCCTCGTTACGTGGTTG,YATGCTGCCTCCCGTAGGAGT,GLRC,CoatedCarbon,1,W1L5,
W1L51148,GCTTGCGAGACAATAGTTAGGGCT,YATGCTGCCTCCCGTAGGAGT,GLRC,CoatedCarbon,1,W1L5,
W1L6064,AGGCATCTTACGAGGTACGCAATT,YATGCTGCCTCCCGTAGGAGT,GLRC,GeneralCarbon,1,W1L6,
W1L6107,ATGGGTGGCTGTCGTAAGATGCCT,YATGCTGCCTCCCGTAGGAGT,GLRC,GeneralCarbon,1,W1L6,
W1L6144,AGGCATCTTACGCACCTTACCTTA,YATGCTGCCTCCCGTAGGAGT,GLRC,GeneralCarbon,1,W1L6,
W2Blank123,ATGGGTGGCTGTATCTAGTGGCAA,YATGCTGCCTCCCGTAGGAGT,Blank,Blank,0,Blank,
W2L1101,GCTTTACTCCTCTACCGCCTCGGA,YATGCTGCCTCCCGTAGGAGT,GLRC,StainlessSteel,2,W2L1,
W2L1127,TCCGAGGCGGTAATCTAGTGGCAA,YATGCTGCCTCCCGTAGGAGT,GLRC,StainlessSteel,2,W2L1,
W2L1146,AATTGCGTACCTATAGTTAGGGCT,YATGCTGCCTCCCGTAGGAGT,GLRC,StainlessSteel,2,W2L1,
W2L3070,CAACCACGTAACACAGCCACCCAT,YATGCTGCCTCCCGTAGGAGT,GLRC,HDPESheet,2,W2L3,
W2L3116,GCTTGCGAGACATACCGGCTTGCA,YATGCTGCCTCCCGTAGGAGT,GLRC,HDPESheet,2,W2L3,
W2L3130,AATTGCGTACCTCCAGGGACTTCT,YATGCTGCCTCCCGTAGGAGT,GLRC,HDPESheet,2,W2L3,
W2L4076,GCTTGCGAGACATGTCTCGCAAGC,YATGCTGCCTCCCGTAGGAGT,GLRC,Aluminum,2,W2L4,
W2L4094,CAACCACGTAACGTTACGTGGTTG,YATGCTGCCTCCCGTAGGAGT,GLRC,Aluminum,2,W2L4,
W2L4151,TCCGAGGCGGTAATAGTTAGGGCT,YATGCTGCCTCCCGTAGGAGT,GLRC,Aluminum,2,W2L4,
W2L5060,GCTTGCGAGACAAGGTACGCAATT,YATGCTGCCTCCCGTAGGAGT,GLRC,CoatedCarbon,2,W2L5,
W2L5133,GCTTTACTCCTCCCAGGGACTTCT,YATGCTGCCTCCCGTAGGAGT,GLRC,CoatedCarbon,2,W2L5,
W2L5152,AGGCATCTTACGATAGTTAGGGCT,YATGCTGCCTCCCGTAGGAGT,GLRC,CoatedCarbon,2,W2L5,
W2L6122,AATTGCGTACCTATCTAGTGGCAA,YATGCTGCCTCCCGTAGGAGT,GLRC,GeneralCarbon,2,W2L6,
W2L6135,TCCGAGGCGGTACCAGGGACTTCT,YATGCTGCCTCCCGTAGGAGT,GLRC,GeneralCarbon,2,W2L6,
W2L6139,ATGGGTGGCTGTCACCTTACCTTA,YATGCTGCCTCCCGTAGGAGT,GLRC,GeneralCarbon,2,W2L6,
W3Blank138,AATTGCGTACCTCACCTTACCTTA,YATGCTGCCTCCCGTAGGAGT,Blank,Blank,0,Blank,
W3L1058,AATTGCGTACCTAGGTACGCAATT,YATGCTGCCTCCCGTAGGAGT,GLRC,StainlessSteel,3,W3L1,
W3L1105,TTGGTCGGACATCGTAAGATGCCT,YATGCTGCCTCCCGTAGGAGT,GLRC,StainlessSteel,3,W3L1,
W3L1128,AGGCATCTTACGATCTAGTGGCAA,YATGCTGCCTCCCGTAGGAGT,GLRC,StainlessSteel,3,W3L1,
W3L3073,TTGGTCGGACATTGTCTCGCAAGC,YATGCTGCCTCCCGTAGGAGT,GLRC,HDPESheet,3,W3L3,
W3L3086,CAACCACGTAACGAGGAGTAAAGC,YATGCTGCCTCCCGTAGGAGT,GLRC,HDPESheet,3,W3L3,
W3L3150,CAACCACGTAACATAGTTAGGGCT,YATGCTGCCTCCCGTAGGAGT,GLRC,HDPESheet,3,W3L3,
W3L4067,ATGGGTGGCTGTACAGCCACCCAT,YATGCTGCCTCCCGTAGGAGT,GLRC,Aluminum,3,W3L4,
W3L4082,AATTGCGTACCTGAGGAGTAAAGC,YATGCTGCCTCCCGTAGGAGT,GLRC,Aluminum,3,W3L4,
W3L4147,ATGGGTGGCTGTATAGTTAGGGCT,YATGCTGCCTCCCGTAGGAGT,GLRC,Aluminum,3,W3L4,
W3L5085,GCTTTACTCCTCGAGGAGTAAAGC,YATGCTGCCTCCCGTAGGAGT,GLRC,CoatedCarbon,3,W3L5,
W3L5117,GCTTTACTCCTCTACCGGCTTGCA,YATGCTGCCTCCCGTAGGAGT,GLRC,CoatedCarbon,3,W3L5,
W3L5134,CAACCACGTAACCCAGGGACTTCT,YATGCTGCCTCCCGTAGGAGT,GLRC,CoatedCarbon,3,W3L5,
W3L6079,TCCGAGGCGGTATGTCTCGCAAGC,YATGCTGCCTCCCGTAGGAGT,GLRC,GeneralCarbon,3,W3L6,
W3L6091,ATGGGTGGCTGTGTTACGTGGTTG,YATGCTGCCTCCCGTAGGAGT,GLRC,GeneralCarbon,3,W3L6,
W3L6096,AGGCATCTTACGGTTACGTGGTTG,YATGCTGCCTCCCGTAGGAGT,GLRC,GeneralCarbon,3,W3L6,
W4Blank092,GCTTGCGAGACAGTTACGTGGTTG,YATGCTGCCTCCCGTAGGAGT,Blank,Blank,0,Blank,
W4L1057,TTGGTCGGACATAGGTACGCAATT,YATGCTGCCTCCCGTAGGAGT,GLRC,StainlessSteel,4,W4L1,
W4L1090,AATTGCGTACCTGTTACGTGGTTG,YATGCTGCCTCCCGTAGGAGT,GLRC,StainlessSteel,4,W4L1,
W4L1098,AATTGCGTACCTTACCGCCTCGGA,YATGCTGCCTCCCGTAGGAGT,GLRC,StainlessSteel,4,W4L1,
W4L3080,AGGCATCTTACGTGTCTCGCAAGC,YATGCTGCCTCCCGTAGGAGT,GLRC,HDPESheet,4,W4L3,
W4L3100,GCTTGCGAGACATACCGCCTCGGA,YATGCTGCCTCCCGTAGGAGT,GLRC,HDPESheet,4,W4L3,
W4L3121,TTGGTCGGACATATCTAGTGGCAA,YATGCTGCCTCCCGTAGGAGT,GLRC,HDPESheet,4,W4L3,
W4L4106,AATTGCGTACCTCGTAAGATGCCT,YATGCTGCCTCCCGTAGGAGT,GLRC,Aluminum,4,W4L4,
W4L4125,GCTTTACTCCTCATCTAGTGGCAA,YATGCTGCCTCCCGTAGGAGT,GLRC,Aluminum,4,W4L4,
W4L4129,TTGGTCGGACATCCAGGGACTTCT,YATGCTGCCTCCCGTAGGAGT,GLRC,Aluminum,4,W4L4,
W4L5097,TTGGTCGGACATTACCGCCTCGGA,YATGCTGCCTCCCGTAGGAGT,GLRC,CoatedCarbon,4,W4L5,
W4L5102,CAACCACGTAACTACCGCCTCGGA,YATGCTGCCTCCCGTAGGAGT,GLRC,CoatedCarbon,4,W4L5,
W4L5119,TCCGAGGCGGTATACCGGCTTGCA,YATGCTGCCTCCCGTAGGAGT,GLRC,CoatedCarbon,4,W4L5,
W4L6083,ATGGGTGGCTGTGAGGAGTAAAGC,YATGCTGCCTCCCGTAGGAGT,GLRC,GeneralCarbon,4,W4L6,
W4L6099,ATGGGTGGCTGTTACCGCCTCGGA,YATGCTGCCTCCCGTAGGAGT,GLRC,GeneralCarbon,4,W4L6,
W4L6143,TCCGAGGCGGTACACCTTACCTTA,YATGCTGCCTCCCGTAGGAGT,GLRC,GeneralCarbon,4,W4L6,
W5Blank103,TCCGAGGCGGTATACCGCCTCGGA,YATGCTGCCTCCCGTAGGAGT,Blank,Blank,0,Blank,
W5L1062,CAACCACGTAACAGGTACGCAATT,YATGCTGCCTCCCGTAGGAGT,GLRC,StainlessSteel,5,W5L1,
W5L1084,GCTTGCGAGACAGAGGAGTAAAGC,YATGCTGCCTCCCGTAGGAGT,GLRC,StainlessSteel,5,W5L1,
W5L1111,TCCGAGGCGGTACGTAAGATGCCT,YATGCTGCCTCCCGTAGGAGT,GLRC,StainlessSteel,5,W5L1,
W5L3069,GCTTTACTCCTCACAGCCACCCAT,YATGCTGCCTCCCGTAGGAGT,GLRC,HDPESheet,5,W5L3,
W5L3110,CAACCACGTAACCGTAAGATGCCT,YATGCTGCCTCCCGTAGGAGT,GLRC,HDPESheet,5,W5L3,
W5L3126,CAACCACGTAACATCTAGTGGCAA,YATGCTGCCTCCCGTAGGAGT,GLRC,HDPESheet,5,W5L3,
W5L4061,GCTTTACTCCTCAGGTACGCAATT,YATGCTGCCTCCCGTAGGAGT,GLRC,Aluminum,5,W5L4,
W5L4077,GCTTTACTCCTCTGTCTCGCAAGC,YATGCTGCCTCCCGTAGGAGT,GLRC,Aluminum,5,W5L4,
W5L4132,GCTTGCGAGACACCAGGGACTTCT,YATGCTGCCTCCCGTAGGAGT,GLRC,Aluminum,5,W5L4,
W5L5089,TTGGTCGGACATGTTACGTGGTTG,YATGCTGCCTCCCGTAGGAGT,GLRC,CoatedCarbon,5,W5L5,
W5L5115,ATGGGTGGCTGTTACCGGCTTGCA,YATGCTGCCTCCCGTAGGAGT,GLRC,CoatedCarbon,5,W5L5,
W5L5120,AGGCATCTTACGTACCGGCTTGCA,YATGCTGCCTCCCGTAGGAGT,GLRC,CoatedCarbon,5,W5L5,
W5L6066,AATTGCGTACCTACAGCCACCCAT,YATGCTGCCTCCCGTAGGAGT,GLRC,GeneralCarbon,5,W5L6,
W5L6078,CAACCACGTAACTGTCTCGCAAGC,YATGCTGCCTCCCGTAGGAGT,GLRC,GeneralCarbon,5,W5L6,
W5L6131,ATGGGTGGCTGTCCAGGGACTTCT,YATGCTGCCTCCCGTAGGAGT,GLRC,GeneralCarbon,5,W5L6,
W6Blank071,TCCGAGGCGGTAACAGCCACCCAT,YATGCTGCCTCCCGTAGGAGT,Blank,Blank,0,Blank,
W6L1108,GCTTGCGAGACACGTAAGATGCCT,YATGCTGCCTCCCGTAGGAGT,GLRC,StainlessSteel,6,W6L1,
W6L1136,AGGCATCTTACGCCAGGGACTTCT,YATGCTGCCTCCCGTAGGAGT,GLRC,StainlessSteel,6,W6L1,
W6L1141,GCTTTACTCCTCCACCTTACCTTA,YATGCTGCCTCCCGTAGGAGT,GLRC,StainlessSteel,6,W6L1,
W6L3059,ATGGGTGGCTGTAGGTACGCAATT,YATGCTGCCTCCCGTAGGAGT,GLRC,HDPESheet,6,W6L3,
W6L3109,GCTTTACTCCTCCGTAAGATGCCT,YATGCTGCCTCCCGTAGGAGT,GLRC,HDPESheet,6,W6L3,
W6L3113,TTGGTCGGACATTACCGGCTTGCA,YATGCTGCCTCCCGTAGGAGT,GLRC,HDPESheet,6,W6L3,
W6L4074,AATTGCGTACCTTGTCTCGCAAGC,YATGCTGCCTCCCGTAGGAGT,GLRC,Aluminum,6,W6L4,
W6L4137,TTGGTCGGACATCACCTTACCTTA,YATGCTGCCTCCCGTAGGAGT,GLRC,Aluminum,6,W6L4,
W6L4140,GCTTGCGAGACACACCTTACCTTA,YATGCTGCCTCCCGTAGGAGT,GLRC,Aluminum,6,W6L4,
W6L5063,TCCGAGGCGGTAAGGTACGCAATT,YATGCTGCCTCCCGTAGGAGT,GLRC,CoatedCarbon,6,W6L5,
W6L5081,TTGGTCGGACATGAGGAGTAAAGC,YATGCTGCCTCCCGTAGGAGT,GLRC,CoatedCarbon,6,W6L5,
W6L5112,AGGCATCTTACGCGTAAGATGCCT,YATGCTGCCTCCCGTAGGAGT,GLRC,CoatedCarbon,6,W6L5,
W6L6072,AGGCATCTTACGACAGCCACCCAT,YATGCTGCCTCCCGTAGGAGT,GLRC,GeneralCarbon,6,W6L6,
W6L6087,TCCGAGGCGGTAGAGGAGTAAAGC,YATGCTGCCTCCCGTAGGAGT,GLRC,GeneralCarbon,6,W6L6,
W6L6142,CAACCACGTAACCACCTTACCTTA,YATGCTGCCTCCCGTAGGAGT,GLRC,GeneralCarbon,6,W6L6,